Record ID,title,abstract,domain_category,domain_source,domain_excerpt,F2_status,F2_source,F2_excerpt,F2_reasoning,F3_status,F3_source,F3_excerpt,F3_reasoning,F4_status,F4_source,F4_excerpt,F4_reasoning,F5_status,F5_source,F5_excerpt,F5_reasoning,F6_status,F6_source,F6_excerpt,F6_reasoning,F7_status,F7_source,F7_excerpt,F7_reasoning,F8_status,F8_source,F8_excerpt,F8_reasoning,F2_to_F3_status,F2_to_F3_source,F2_to_F3_excerpt,F2_to_F3_reasoning,F4_to_F3_status,F4_to_F3_source,F4_to_F3_excerpt,F4_to_F3_reasoning,F5_to_F6_status,F5_to_F6_source,F5_to_F6_excerpt,F5_to_F6_reasoning,multi_primary_status,tracking_only,hard_cap,penalty_points,raw_score,final_score,predicted_relevance,explicit_primary_relationships,explicit_primary_features,rank,noise_flags,gate_evidence,penalty_evidence,domain_points,F2_points,F3_points,F4_points,F5_points,F6_points,F7_points,F8_points,F2_to_F3_points,F4_to_F3_points,F5_to_F6_points,multi_primary_points,principal_score_drivers,mechanical_inflation_or_suppression_pattern,diagnostic_explanation,duplicate_or_near_identical_observed,duplicate_observation_json,score_52_plateau,tie_resolution,arithmetic_reconciled,excerpts_verified
BC001-7B265B30DE83,Method of monitoring and trigger-locking a firearm,"A method of monitoring and trigger-locking a firearm prevents unauthorized persons from firing the firearm. When a person picks up the firearm, a biometric scanner retrieves an unidentified biometric reading off of the person. The biometric scanner can be a palm-print reader and/or a fingerprint reader. If the unidentified biometric reading does not match an authorized user signature stored on a chipset of the firearm, and if the firearm has unlocked its trigger, then the firearm automatically locks its trigger. In addition, the firearm generates and broadcasts an unauthorized-use notification with a wireless communication module. If the unidentified biometric reading does match an authorized user signature stored on the chipset, and if the firearm has locked its trigger, then firearm automatically unlocks its trigger. The firearm also collects situational data from environmental sensors when the firearm discharges a round.",firearm,title,Method of monitoring and trigger-locking a firearm,E,abstract,"If the unidentified biometric reading does not match an authorized user signature stored on a chipset of the firearm, and if the firearm has unlocked its trigger, then the firearm automatically locks its trigger.",,E,abstract,"If the unidentified biometric reading does not match an authorized user signature stored on a chipset of the firearm, and if the firearm has unlocked its trigger, then the firearm automatically locks its trigger.",,A,,,,E,abstract,The firearm also collects situational data from environmental sensors when the firearm discharges a round.,,E,abstract,"In addition, the firearm generates and broadcasts an unauthorized-use notification with a wireless communication module.",,A,,,,A,,,,E,abstract,"If the unidentified biometric reading does not match an authorized user signature stored on a chipset of the firearm, and if the firearm has unlocked its trigger, then the firearm automatically locks its trigger.",,A,,,,I,abstract,"In addition, the firearm generates and broadcasts an unauthorized-use notification with a wireless communication module.",The system transmits to an external destination and separately collects firearm data; transmission of that data is inferred.,3 established; 3 explicit,False,100,0,69.0,69.0,M+,1,3,1,[],{},{},10.0,12.0,16.0,0.0,10.0,4.0,0.0,0.0,14.0,0.0,1.0,2.0,domain=10.0; F2=12.0; F3=16.0; F5=10.0; F6=4.0; F2_to_F3=14.0; F5_to_F6=1.0; multi_primary=2.0,Primary recognition supported; possible F6/F5_to_F6 inflation,Broadcast notification has no named centralized destination. F5 situational data is supported.,False,[],False,Frozen tie fields retained; no reranking,True,True
BC001-915BDE3552D6,Intelligent weapon,"A system for monitoring use of a weapon. The system includes a monitoring station and at least one weapon in which the weapon fires a projectile. The weapon includes a tracking device, in which the tracking device receives navigational data, and a transceiver. The transceiver transmits at least the navigational data to the monitoring station. The weapon can further include a biometric identifier for identifying a user and a trigger mechanism in which the biometric identifier can enable the trigger mechanism only when the biometric identifier identifies an authorized user. In one arrangement, the tracking device can be a global positioning system receiver that can receive navigational data from a plurality of global positioning system satellites.",firearm,title,Intelligent weapon,E,abstract,The weapon can further include a biometric identifier for identifying a user and a trigger mechanism in which the biometric identifier can enable the trigger mechanism only when the biometric identifier identifies an authorized user.,,E,abstract,The weapon can further include a biometric identifier for identifying a user and a trigger mechanism in which the biometric identifier can enable the trigger mechanism only when the biometric identifier identifies an authorized user.,,A,,,,E,abstract,"The weapon includes a tracking device, in which the tracking device receives navigational data, and a transceiver.",,E,abstract,The system includes a monitoring station and at least one weapon in which the weapon fires a projectile.,,A,,,,A,,,,E,abstract,The weapon can further include a biometric identifier for identifying a user and a trigger mechanism in which the biometric identifier can enable the trigger mechanism only when the biometric identifier identifies an authorized user.,,A,,,,I,abstract,The transceiver transmits at least the navigational data to the monitoring station.,The system transmits to an external destination and separately collects firearm data; transmission of that data is inferred.,3 established; 3 explicit,True,100,0,69.0,69.0,M+,1,3,2,[],{},{},10.0,12.0,16.0,0.0,10.0,4.0,0.0,0.0,14.0,0.0,1.0,2.0,domain=10.0; F2=12.0; F3=16.0; F5=10.0; F6=4.0; F2_to_F3=14.0; F5_to_F6=1.0; multi_primary=2.0,Primary recognition supported; cross-sentence relation may be under-credited,"Tracking/navigation data transmitted to a monitoring station is explicitly described across sentences, but F5_to_F6 receives only I. No new score assigned.",False,[],False,Frozen tie fields retained; no reranking,True,True
BC001-0031124B24F1,Fingerprint operating gun case,"This invention relates to the case of a weapon that works by fingerprint, which has a security mechanism that allows only the use of a firearm within an authorized person; a microcontroller that identifies if data retrieved by at least one capacitive fingerprint sensor (2), fingerprint sensor (2) on the weapon case and whether there is any fingerprint data from individuals previously identified by the system, microcontroller(3) validates with personalized fingerprint match, releasing the gun safety latch, and allowing the use of the weapon, electromagnetic lock (4), which extracts data from the satellite for location, timing and positioning, GPS (5), configured to provide mobile connectivity (6) battery module, battery or rechargeable battery for use in feeding mechanical disorders located in the weapons case (1). is to include one power supply",firearm,title,Fingerprint operating gun case,E,abstract,"This invention relates to the case of a weapon that works by fingerprint, which has a security mechanism that allows only the use of a firearm within an authorized person; a microcontroller that identifies if data retrieved by at least one capacitive fingerprint sensor (2), fingerprint sensor (2) on the weapon case and whether there is any fingerprint data from individuals previously identified by the system, microcontroller(3) validates with personalized fingerprint match, releasing the gun safety latch, and allowing the use of the weapon, electromagnetic lock (4), which extracts data from the satellite for location, timing and positioning, GPS (5), configured to provide mobile connectivity (6) battery module, battery or rechargeable battery for use in feeding mechanical disorders located in the weapons case (1).",,E,abstract,"This invention relates to the case of a weapon that works by fingerprint, which has a security mechanism that allows only the use of a firearm within an authorized person; a microcontroller that identifies if data retrieved by at least one capacitive fingerprint sensor (2), fingerprint sensor (2) on the weapon case and whether there is any fingerprint data from individuals previously identified by the system, microcontroller(3) validates with personalized fingerprint match, releasing the gun safety latch, and allowing the use of the weapon, electromagnetic lock (4), which extracts data from the satellite for location, timing and positioning, GPS (5), configured to provide mobile connectivity (6) battery module, battery or rechargeable battery for use in feeding mechanical disorders located in the weapons case (1).",,A,,,,E,abstract,"This invention relates to the case of a weapon that works by fingerprint, which has a security mechanism that allows only the use of a firearm within an authorized person; a microcontroller that identifies if data retrieved by at least one capacitive fingerprint sensor (2), fingerprint sensor (2) on the weapon case and whether there is any fingerprint data from individuals previously identified by the system, microcontroller(3) validates with personalized fingerprint match, releasing the gun safety latch, and allowing the use of the weapon, electromagnetic lock (4), which extracts data from the satellite for location, timing and positioning, GPS (5), configured to provide mobile connectivity (6) battery module, battery or rechargeable battery for use in feeding mechanical disorders located in the weapons case (1).",,A,,,,A,,,,A,,,,E,abstract,"This invention relates to the case of a weapon that works by fingerprint, which has a security mechanism that allows only the use of a firearm within an authorized person; a microcontroller that identifies if data retrieved by at least one capacitive fingerprint sensor (2), fingerprint sensor (2) on the weapon case and whether there is any fingerprint data from individuals previously identified by the system, microcontroller(3) validates with personalized fingerprint match, releasing the gun safety latch, and allowing the use of the weapon, electromagnetic lock (4), which extracts data from the satellite for location, timing and positioning, GPS (5), configured to provide mobile connectivity (6) battery module, battery or rechargeable battery for use in feeding mechanical disorders located in the weapons case (1).",,A,,,,A,,,,3 established; 3 explicit,True,100,0,64.0,64.0,M+,1,3,3,[],{},{},10.0,12.0,16.0,0.0,10.0,0.0,0.0,0.0,14.0,0.0,0.0,2.0,domain=10.0; F2=12.0; F3=16.0; F5=10.0; F2_to_F3=14.0; multi_primary=2.0,Case-versus-firearm control ambiguity in a long translation,"One long sentence supplies F2/F3/F5 and full causal credit. Gun safety latch suggests operability, but case terminology requires semantic disambiguation; not categorically a storage false positive.",False,[],False,Frozen tie fields retained; no reranking,True,True
BC001-3F53B09CDA35,Safety system with biometric locking applied in holders for size and controlled storage of firearms,"SAFETY SYSTEM WITH BIOMETRIC LOCKING APPLIED IN HOLDERS FOR SIZE AND CONTROLLED STORAGE OF FIREARMS. The present invention patent application relates to a security system (1) described and applied to holsters (2) for the controlled storage of firearms. The present system includes a holster (2) with a locking mechanism (3) operated by a biometric sensor (4). Access to the weapon is restricted to authorized users whose fingerprints are recorded in the security system (1). The holster (2) is molded to fit specifically to the gun, ensuring a secure engagement and preventing accidental firing. The locking mechanism (3) has a locking handle (5) that covers the trigger of the weapon, blocking access to it. The locking handle (5) can only be unlocked by biometric authentication using the biometric sensor (4) strategically located in the holster (2). The biometric sensor (4) is highly sensitive and provides quick access to authorized users. The system also includes a locking base (6) with a locking mechanism (7), activated when an authorized user is identified by the biometric sensor (4), allowing access to the gun trigger. Powered by a battery (8), the system has an alert (9) for low battery. Additionally, it is adaptable to different types and sizes of weapons and can register multiple users, making it suitable for use in police or military forces. The field of application is directed to the sector of safety equipment, more particularly, in secure storage devices for firearms.",firearm,title,Safety system with biometric locking applied in holders for size and controlled storage of firearms,E,abstract,Access to the weapon is restricted to authorized users whose fingerprints are recorded in the security system (1).,,E,abstract,"The system also includes a locking base (6) with a locking mechanism (7), activated when an authorized user is identified by the biometric sensor (4), allowing access to the gun trigger.",,A,,,,E,abstract,Access to the weapon is restricted to authorized users whose fingerprints are recorded in the security system (1).,,A,,,,A,,,,A,,,,E,abstract,"The system also includes a locking base (6) with a locking mechanism (7), activated when an authorized user is identified by the biometric sensor (4), allowing access to the gun trigger.",,A,,,,A,,,,3 established; 3 explicit,False,100,0,64.0,64.0,M+,1,3,4,[],{},{},10.0,12.0,16.0,0.0,10.0,0.0,0.0,0.0,14.0,0.0,0.0,2.0,domain=10.0; F2=12.0; F3=16.0; F5=10.0; F2_to_F3=14.0; multi_primary=2.0,Holster/storage access inflated into firearm-operability control,Holster access and a handle covering the trigger bypass storage/holster gates through fire/trigger co-occurrence. F3 and F2_to_F3 receive full credit; cap remains 100. F5 uses recorded enrollment fingerprints.,False,[],False,Frozen tie fields retained; no reranking,True,True
BC001-B5BE2EF6266D,Firearm Safety Assembly,A firearm safety assembly for preventing the firearm from being discharged by an unauthorized user includes a processor coupled to a firearm. A fingerprint scanner is coupled to the firearm. The fingerprint scanner may read an authorized user's fingerprint. The fingerprint scanner is operationally coupled to the processor. A thumbprint scanner is coupled to the firearm. The thumbprint scanner may read the authorized user's thumbprint. The thumbprint scanner is operationally coupled to the processor. A trigger lock is coupled to the firearm. The trigger lock is operationally coupled to the processor. The trigger lock allows the firearm to be fired when the processor receives the authorized user's fingerprint and thumbprint. A GPS is coupled to the firearm. The GPS is operationally coupled to the processor. The GPS determining a location of the firearm.,firearm,title,Firearm Safety Assembly,E,abstract,The fingerprint scanner may read an authorized user's fingerprint.,,E,abstract,The trigger lock allows the firearm to be fired when the processor receives the authorized user's fingerprint and thumbprint.,,A,,,,E,abstract,A GPS is coupled to the firearm.,,A,,,,A,,,,A,,,,E,abstract,The trigger lock allows the firearm to be fired when the processor receives the authorized user's fingerprint and thumbprint.,,A,,,,A,,,,3 established; 3 explicit,True,100,0,64.0,64.0,M+,1,3,5,[],{},{},10.0,12.0,16.0,0.0,10.0,0.0,0.0,0.0,14.0,0.0,0.0,2.0,domain=10.0; F2=12.0; F3=16.0; F5=10.0; F2_to_F3=14.0; multi_primary=2.0,Broad GPS evidence used as explicit F5,"The selected F5 excerpt only says a GPS is coupled to the firearm; later location wording adds context, but evidence specificity is weak. Authentication-dependent firing is supported; F4 correctly absent.",False,[],False,Frozen tie fields retained; no reranking,True,True
BC001-EAD37A2B9B33,Remote managing method and apparatus for firearm,"A remote management method for a firearm according to the present invention includes a step of monitoring whether a release event from a firearm storage place is generated by a firearm supporting a selective firing mode based on a fingerprint recognition, a step of tracking whether the released firearm is out of a predetermined permission area when the release event is generated; and a step of giving warning of the AWOL of the release firearm when the released firearm is out of the predetermined permission area.So, safety accidents can be prevented.COPYRIGHT KIPO 2017",firearm,title,Remote managing method and apparatus for firearm,E,abstract,"A remote management method for a firearm according to the present invention includes a step of monitoring whether a release event from a firearm storage place is generated by a firearm supporting a selective firing mode based on a fingerprint recognition, a step of tracking whether the released firearm is out of a predetermined permission area when the release event is generated; and a step of giving warning of the AWOL of the release firearm when the released firearm is out of the predetermined permission area.",,E,abstract,"A remote management method for a firearm according to the present invention includes a step of monitoring whether a release event from a firearm storage place is generated by a firearm supporting a selective firing mode based on a fingerprint recognition, a step of tracking whether the released firearm is out of a predetermined permission area when the release event is generated; and a step of giving warning of the AWOL of the release firearm when the released firearm is out of the predetermined permission area.",,A,,,,E,abstract,"A remote management method for a firearm according to the present invention includes a step of monitoring whether a release event from a firearm storage place is generated by a firearm supporting a selective firing mode based on a fingerprint recognition, a step of tracking whether the released firearm is out of a predetermined permission area when the release event is generated; and a step of giving warning of the AWOL of the release firearm when the released firearm is out of the predetermined permission area.",,A,,,,A,,,,A,,,,E,abstract,"A remote management method for a firearm according to the present invention includes a step of monitoring whether a release event from a firearm storage place is generated by a firearm supporting a selective firing mode based on a fingerprint recognition, a step of tracking whether the released firearm is out of a predetermined permission area when the release event is generated; and a step of giving warning of the AWOL of the release firearm when the released firearm is out of the predetermined permission area.",,A,,,,A,,,,3 established; 3 explicit,False,100,0,64.0,64.0,M+,1,3,6,[],{},{},10.0,12.0,16.0,0.0,10.0,0.0,0.0,0.0,14.0,0.0,0.0,2.0,domain=10.0; F2=12.0; F3=16.0; F5=10.0; F2_to_F3=14.0; multi_primary=2.0,Long translated sentence; distinguish location alert from restriction,"The text supports fingerprint-dependent selective firing and tracking outside a permitted area. Only an out-of-area warning is described, so no F4 is awarded. Mixed storage-release and firing clauses require semantic review.",False,[],False,Frozen tie fields retained; no reranking,True,True
BC001-5E0CE61B9F95,Personalized intelligent identification police-used gun management device and system,"The embodiment of the invention provides a personalized intelligent identification police-used gun management device and system. The device comprises a single chip microcomputer, a lock body unit, anintelligent identification unit, a positioning unit, a communication unit and a power supply unit, wherein the single chip microcomputer is arranged in a gun and connected with the other five units, the lock body unit comprises a trigger lock and a gun sleeve lock, the intelligent identification unit adopts fingerprint identification, the positioning unit adopts a GPS unit, and the communication unit comprises a Bluetooth unit and a GPRS unit; and the intelligent identification unit collects user fingerprints and compares the user fingerprints with fingerprint data typed in the single chip microcomputer in advance, the single chip microcomputer controls opening and closing of the trigger lock according to a comparison result, the gun geographic position information transmitted by the GPS unit through the GPRS unit can be inquired on a mobile terminal in real time, and the power supply unit supplies power to a gun-end power supply through wireless charging. According to the personalizedintelligent identification police-used gun management device and system, personalization of a police-used gun can be achieved, the gun is locked as soon as the gun is separated from the hand, an opponent can not use the gun after the gun is snatched, and the gun can be found through a real-time positioning function after being lost.",attached_firing_control,abstract,"The device comprises a single chip microcomputer, a lock body unit, anintelligent identification unit, a positioning unit, a communication unit and a power supply unit, wherein the single chip microcomputer is arranged in a gun and connected with the other five units, the lock body unit comprises a trigger lock and a gun sleeve lock, the intelligent identification unit adopts fingerprint identification, the positioning unit adopts a GPS unit, and the communication unit comprises a Bluetooth unit and a GPRS unit; and the intelligent identification unit collects user fingerprints and compares the user fingerprints with fingerprint data typed in the single chip microcomputer in advance, the single chip microcomputer controls opening and closing of the trigger lock according to a comparison result, the gun geographic position information transmitted by the GPS unit through the GPRS unit can be inquired on a mobile terminal in real time, and the power supply unit supplies power to a gun-end power supply through wireless charging.",E,abstract,"The device comprises a single chip microcomputer, a lock body unit, anintelligent identification unit, a positioning unit, a communication unit and a power supply unit, wherein the single chip microcomputer is arranged in a gun and connected with the other five units, the lock body unit comprises a trigger lock and a gun sleeve lock, the intelligent identification unit adopts fingerprint identification, the positioning unit adopts a GPS unit, and the communication unit comprises a Bluetooth unit and a GPRS unit; and the intelligent identification unit collects user fingerprints and compares the user fingerprints with fingerprint data typed in the single chip microcomputer in advance, the single chip microcomputer controls opening and closing of the trigger lock according to a comparison result, the gun geographic position information transmitted by the GPS unit through the GPRS unit can be inquired on a mobile terminal in real time, and the power supply unit supplies power to a gun-end power supply through wireless charging.",,E,abstract,"The device comprises a single chip microcomputer, a lock body unit, anintelligent identification unit, a positioning unit, a communication unit and a power supply unit, wherein the single chip microcomputer is arranged in a gun and connected with the other five units, the lock body unit comprises a trigger lock and a gun sleeve lock, the intelligent identification unit adopts fingerprint identification, the positioning unit adopts a GPS unit, and the communication unit comprises a Bluetooth unit and a GPRS unit; and the intelligent identification unit collects user fingerprints and compares the user fingerprints with fingerprint data typed in the single chip microcomputer in advance, the single chip microcomputer controls opening and closing of the trigger lock according to a comparison result, the gun geographic position information transmitted by the GPS unit through the GPRS unit can be inquired on a mobile terminal in real time, and the power supply unit supplies power to a gun-end power supply through wireless charging.",,A,,,,E,abstract,"The device comprises a single chip microcomputer, a lock body unit, anintelligent identification unit, a positioning unit, a communication unit and a power supply unit, wherein the single chip microcomputer is arranged in a gun and connected with the other five units, the lock body unit comprises a trigger lock and a gun sleeve lock, the intelligent identification unit adopts fingerprint identification, the positioning unit adopts a GPS unit, and the communication unit comprises a Bluetooth unit and a GPRS unit; and the intelligent identification unit collects user fingerprints and compares the user fingerprints with fingerprint data typed in the single chip microcomputer in advance, the single chip microcomputer controls opening and closing of the trigger lock according to a comparison result, the gun geographic position information transmitted by the GPS unit through the GPRS unit can be inquired on a mobile terminal in real time, and the power supply unit supplies power to a gun-end power supply through wireless charging.",,A,,,,A,,,,A,,,,E,abstract,"The device comprises a single chip microcomputer, a lock body unit, anintelligent identification unit, a positioning unit, a communication unit and a power supply unit, wherein the single chip microcomputer is arranged in a gun and connected with the other five units, the lock body unit comprises a trigger lock and a gun sleeve lock, the intelligent identification unit adopts fingerprint identification, the positioning unit adopts a GPS unit, and the communication unit comprises a Bluetooth unit and a GPRS unit; and the intelligent identification unit collects user fingerprints and compares the user fingerprints with fingerprint data typed in the single chip microcomputer in advance, the single chip microcomputer controls opening and closing of the trigger lock according to a comparison result, the gun geographic position information transmitted by the GPS unit through the GPRS unit can be inquired on a mobile terminal in real time, and the power supply unit supplies power to a gun-end power supply through wireless charging.",,A,,,,A,,,,3 established; 3 explicit,True,100,0,62.0,62.0,M+,1,3,7,[],{},{},8.0,12.0,16.0,0.0,10.0,0.0,0.0,0.0,14.0,0.0,0.0,2.0,domain=8.0; F2=12.0; F3=16.0; F5=10.0; F2_to_F3=14.0; multi_primary=2.0,Long component-list sentence supplies several full credits,"Fingerprint comparison controls a trigger lock and geographic position is transmitted, but one oversized excerpt obscures distinct causal evidence. F5 has stronger location support than enrollment-only cases; F4 correctly absent.",False,[],False,Frozen tie fields retained; no reranking,True,True
BC001-C3791D5EE3E9,"Molded plastic cartridge with extended flash tube, sub-sonic cartridges, and user identification for firearms and site sensing fire control","Cartridges for firearms are created with extended flash tubes to ignite the propellant efficiently from base of the projectile to the interior rear of the cartridge case. Some firearms include a specially designed trigger and microphone capable of verifying a user's identity so that only an authorized user can discharge the firearm. Some firearms include a GPS sensor, World Time RF sensor, and stored updatable list of times, GPS coordinates, distances from the GPS coordinates such that the firearm is disabled for use in these restricted areas.",firearm,title,"Molded plastic cartridge with extended flash tube, sub-sonic cartridges, and user identification for firearms and site sensing fire control",A,,,,E,title,"Molded plastic cartridge with extended flash tube, sub-sonic cartridges, and user identification for firearms and site sensing fire control",,E,abstract,"Some firearms include a GPS sensor, World Time RF sensor, and stored updatable list of times, GPS coordinates, distances from the GPS coordinates such that the firearm is disabled for use in these restricted areas.",,E,abstract,"Some firearms include a GPS sensor, World Time RF sensor, and stored updatable list of times, GPS coordinates, distances from the GPS coordinates such that the firearm is disabled for use in these restricted areas.",,A,,,,A,,,,A,,,,A,,,,E,abstract,"Some firearms include a GPS sensor, World Time RF sensor, and stored updatable list of times, GPS coordinates, distances from the GPS coordinates such that the firearm is disabled for use in these restricted areas.",,A,,,,3 established; 3 explicit,False,100,0,62.0,62.0,M+,1,3,8,[],{},{},10.0,0.0,16.0,14.0,10.0,0.0,0.0,0.0,0.0,10.0,0.0,2.0,domain=10.0; F3=16.0; F4=14.0; F5=10.0; F4_to_F3=10.0; multi_primary=2.0,Broad GPS/F5 evidence plus coarse F3 excerpt; exact duplicate content,"F3 excerpt is the title, although the abstract supplies an authorized-user discharge condition. Geographic disabling is supported. GPS/geofence fields are also credited as F5 without separate usage logging. Same content as rank 9.",True,"[{""other_rank"": 9, ""other_record_id"": ""BC001-D3C36118E9E6"", ""kind"": ""exact normalized title/abstract"", ""character_similarity"": 1.0}]",False,Frozen tie fields retained; no reranking,True,True
BC001-D3C36118E9E6,"Molded plastic cartridge with extended flash tube, sub-sonic cartridges, and user identification for firearms and site sensing fire control","Cartridges for firearms are created with extended flash tubes to ignite the propellant efficiently from base of the projectile to the interior rear of the cartridge case. Some firearms include a specially designed trigger and microphone capable of verifying a user's identity so that only an authorized user can discharge the firearm. Some firearms include a GPS sensor, World Time RF sensor, and stored updatable list of times, GPS coordinates, distances from the GPS coordinates such that the firearm is disabled for use in these restricted areas.",firearm,title,"Molded plastic cartridge with extended flash tube, sub-sonic cartridges, and user identification for firearms and site sensing fire control",A,,,,E,title,"Molded plastic cartridge with extended flash tube, sub-sonic cartridges, and user identification for firearms and site sensing fire control",,E,abstract,"Some firearms include a GPS sensor, World Time RF sensor, and stored updatable list of times, GPS coordinates, distances from the GPS coordinates such that the firearm is disabled for use in these restricted areas.",,E,abstract,"Some firearms include a GPS sensor, World Time RF sensor, and stored updatable list of times, GPS coordinates, distances from the GPS coordinates such that the firearm is disabled for use in these restricted areas.",,A,,,,A,,,,A,,,,A,,,,E,abstract,"Some firearms include a GPS sensor, World Time RF sensor, and stored updatable list of times, GPS coordinates, distances from the GPS coordinates such that the firearm is disabled for use in these restricted areas.",,A,,,,3 established; 3 explicit,False,100,0,62.0,62.0,M+,1,3,9,[],{},{},10.0,0.0,16.0,14.0,10.0,0.0,0.0,0.0,0.0,10.0,0.0,2.0,domain=10.0; F3=16.0; F4=14.0; F5=10.0; F4_to_F3=10.0; multi_primary=2.0,Broad GPS/F5 evidence plus coarse F3 excerpt; exact duplicate content,Same frozen title/abstract and score fields as rank 8; separate Record ID occupies another early slot. No family merge or identity inference made.,True,"[{""other_rank"": 8, ""other_record_id"": ""BC001-C3791D5EE3E9"", ""kind"": ""exact normalized title/abstract"", ""character_similarity"": 1.0}]",False,Frozen tie fields retained; no reranking,True,True
BC001-E29EB3FB218C,Gun System and Gun Control Management System Prohibit Gun Violence in Reactive and Proactive,"The Gun System and Gun-Control Management System is a two part system to thwart gun violence in any places. The Gun System is a microprocessor with memory and supporting components that are embedded in the gun. The CPU of the Gun System executes software with data from the memory to identify authorized users with stand-alone electrical device; to discharge Unauthorized user with remote power switch or systems; to prohibit firearm use in restricted areas such as schools and other public places with GPS device and disable the gun trigger by moving it into the locked position with disabling device. In this way, the gun system thwarts gun violence in a reactive mode. The Gun-Control Management system maintains a plurality of database in communication with multiple gun systems to thwarts gun violence in proactive mode.",firearm,title,Gun System and Gun Control Management System Prohibit Gun Violence in Reactive and Proactive,A,,,,I,abstract,The CPU of the Gun System executes software with data from the memory to identify authorized users with stand-alone electrical device; to discharge Unauthorized user with remote power switch or systems; to prohibit firearm use in restricted areas such as schools and other public places with GPS device and disable the gun trigger by moving it into the locked position with disabling device.,"Firearm firing control is stated alongside user authorization in the title/abstract, but their dependency is not explicit in this excerpt.",E,abstract,The CPU of the Gun System executes software with data from the memory to identify authorized users with stand-alone electrical device; to discharge Unauthorized user with remote power switch or systems; to prohibit firearm use in restricted areas such as schools and other public places with GPS device and disable the gun trigger by moving it into the locked position with disabling device.,,E,abstract,The CPU of the Gun System executes software with data from the memory to identify authorized users with stand-alone electrical device; to discharge Unauthorized user with remote power switch or systems; to prohibit firearm use in restricted areas such as schools and other public places with GPS device and disable the gun trigger by moving it into the locked position with disabling device.,,E,abstract,The Gun-Control Management system maintains a plurality of database in communication with multiple gun systems to thwarts gun violence in proactive mode.,,A,,,,A,,,,A,,,,E,abstract,The CPU of the Gun System executes software with data from the memory to identify authorized users with stand-alone electrical device; to discharge Unauthorized user with remote power switch or systems; to prohibit firearm use in restricted areas such as schools and other public places with GPS device and disable the gun trigger by moving it into the locked position with disabling device.,,I,abstract,The Gun-Control Management system maintains a plurality of database in communication with multiple gun systems to thwarts gun violence in proactive mode.,The system transmits to an external destination and separately collects firearm data; transmission of that data is inferred.,3 established; 2 explicit,False,100,0,56.6,56.6,M+,1,2,10,[],{},{},10.0,0.0,5.6,14.0,10.0,4.0,0.0,0.0,0.0,10.0,1.0,2.0,domain=10.0; F3=5.6; F4=14.0; F5=10.0; F6=4.0; F4_to_F3=10.0; F5_to_F6=1.0; multi_primary=2.0,GPS/geofence content also credited as F5,Geographic restriction supports F4 and F4_to_F3. F5 gets full credit from the same GPS sentence although tracking/logging is not separately described; F5_to_F6 is inferred from database communication.,False,[],False,Frozen tie fields retained; no reranking,True,True
BC001-773578E9B424,Biometric firearm trigger lock with alarm,"This disclosure provides a trigger lock system that includes a trigger lock that collects a fingerprint and unlocks when the fingerprint matches a stored fingerprint. The trigger lock in-cludes a wireless communication module, for example, Bluetooth module and a Thread module, such that it can connect to a user device by Bluetooth or internet through a Thread router. The trigger lock may be unlocked remotely by sending a command from the user device. The trigger lock may send information of each attempt to unlock the trigger lock by fingerprint to the user device. The trigger lock may send alerts to the user device. The trigger lock also includes an alarm that produces alert when unauthorized personnel attempts to unlock the trigger lock.",attached_firing_control,title,Biometric firearm trigger lock with alarm,E,abstract,This disclosure provides a trigger lock system that includes a trigger lock that collects a fingerprint and unlocks when the fingerprint matches a stored fingerprint.,,E,abstract,This disclosure provides a trigger lock system that includes a trigger lock that collects a fingerprint and unlocks when the fingerprint matches a stored fingerprint.,,A,,,,I,abstract,This disclosure provides a trigger lock system that includes a trigger lock that collects a fingerprint and unlocks when the fingerprint matches a stored fingerprint.,Data recording or positioning is described within this firearm system; firearm data collection is inferred from that context.,A,,,,A,,,,A,,,,E,abstract,This disclosure provides a trigger lock system that includes a trigger lock that collects a fingerprint and unlocks when the fingerprint matches a stored fingerprint.,,A,,,,A,,,,3 established; 2 explicit,False,100,0,55.5,55.5,M+,1,2,11,[],{},{},8.0,12.0,16.0,0.0,3.5,0.0,0.0,0.0,14.0,0.0,0.0,2.0,domain=8.0; F2=12.0; F3=16.0; F5=3.5; F2_to_F3=14.0; multi_primary=2.0,Authentication input collection used for F5 inference,"F5 excerpt is fingerprint collection for unlocking. Later text does describe reporting each unlock attempt, but that stronger event evidence was not selected. Distinguish weak selected evidence from proven feature absence.",False,[],False,Frozen tie fields retained; no reranking,True,True
BC001-1EB69221CE7A,An intelligent fingerprint & voice operated firearm,"The present invention relates to the locking device preventing the unauthorized utilization of firearms.The invention provides the trigger locking rod operated on the biometric finger print sensor placed at the trigger or voice recognition module with microphone which can be signal conditioned by the controller board to unlock the trigger only by transmitting relevant biometric data or approved voice to the said block, said data Corresponding with biometric data and voice data digitally stored in the block memory.",firearm,title,An intelligent fingerprint & voice operated firearm,E,abstract,"The invention provides the trigger locking rod operated on the biometric finger print sensor placed at the trigger or voice recognition module with microphone which can be signal conditioned by the controller board to unlock the trigger only by transmitting relevant biometric data or approved voice to the said block, said data Corresponding with biometric data and voice data digitally stored in the block memory.",,E,abstract,"The invention provides the trigger locking rod operated on the biometric finger print sensor placed at the trigger or voice recognition module with microphone which can be signal conditioned by the controller board to unlock the trigger only by transmitting relevant biometric data or approved voice to the said block, said data Corresponding with biometric data and voice data digitally stored in the block memory.",,A,,,,A,,,,A,,,,A,,,,A,,,,E,abstract,"The invention provides the trigger locking rod operated on the biometric finger print sensor placed at the trigger or voice recognition module with microphone which can be signal conditioned by the controller board to unlock the trigger only by transmitting relevant biometric data or approved voice to the said block, said data Corresponding with biometric data and voice data digitally stored in the block memory.",,A,,,,A,,,,2 established; 2 explicit,False,100,0,52.0,52.0,M,1,2,12,[],{},{},10.0,12.0,16.0,0.0,0.0,0.0,0.0,0.0,14.0,0.0,0.0,0.0,domain=10.0; F2=12.0; F3=16.0; F2_to_F3=14.0,Supported biometric trigger control; flat score plateau,"Fingerprint/voice approval is linked to trigger unlocking. Stored biometric data is not credited as F5 here, contrasting with enrollment credit elsewhere. All substantive tie fields match ranks 12-19.",False,[],True,Record ID lexical; all earlier tie fields equal,True,True
BC001-3DD58E31397D,Gun trigger unlocked through biological fingerprint identification,"The invention discloses a gun trigger unlocked through biological fingerprint identification. The gun trigger comprises a gun trigger shell body, a gun trigger shell cover and a machine shell; a control board is mounted at the top in the gun trigger shell body through screws; a fingerprint identifying module is mounted at the top of the control plate through a limiting groove; a fingerprint setting key is mounted on one side of the bottom end of the control plate through screws; the machine shell is arranged at the bottom end of the control plate; a motor is mounted in the machine shell through a mounting base; a rotating wheel is arranged on an output shaft of the motor through a fixing piece; an elliptic limiting plate is mounted at the bottom of the machine shell through bolts; an L-shaped rack lock tongue capable of sliding is arranged in the elliptic limiting plate; the gun trigger shell cover is mounted at the bottom of the gun trigger shell body through bolts; and a return spring is connected to the top of the gun trigger shell cover through a limiting clamping groove. The gun trigger unlocked through biological fingerprint identification is simple in structure, convenient to produce, high in unlocking efficiency, high in practicability and suitable for wide popularization and application.",firearm,title,Gun trigger unlocked through biological fingerprint identification,E,title,Gun trigger unlocked through biological fingerprint identification,,E,title,Gun trigger unlocked through biological fingerprint identification,,A,,,,A,,,,A,,,,A,,,,A,,,,E,title,Gun trigger unlocked through biological fingerprint identification,,A,,,,A,,,,2 established; 2 explicit,False,100,0,52.0,52.0,M,1,2,13,[],{},{},10.0,12.0,16.0,0.0,0.0,0.0,0.0,0.0,14.0,0.0,0.0,0.0,domain=10.0; F2=12.0; F3=16.0; F2_to_F3=14.0,Full causal credit from translated title; near-identical content,"Title says trigger unlocked through fingerprint identification, with mostly mechanical details in the abstract. Near-identical mechanism and wording to rank 15; within score-52 ID tie.",True,"[{""other_rank"": 15, ""other_record_id"": ""BC001-6197DE78098F"", ""kind"": ""near-identical title/abstract (manual review supports shared mechanism/wording)"", ""character_similarity"": 0.844104}]",True,Record ID lexical; all earlier tie fields equal,True,True
BC001-5946DA63E67B,Weapon with safety system,"Weapon with a security system, characterized in that it comprises an identification device for the user carrying the weapon, connected to a control module that controls a trigger locking system (2) of the weapon, configured to unlock the weapon if the user is correctly identified, or to block the trigger (2) if the user is not correctly identified, where the user identification device comprises a fingerprint reader (1) and the locking system is formed by a pin moved by a motor, configured so that the pin (3) is inserted through a through hole (4) made in the trigger (2) blocking its movement, the motor being powered by a battery.",firearm,title,Weapon with safety system,E,abstract,"Weapon with a security system, characterized in that it comprises an identification device for the user carrying the weapon, connected to a control module that controls a trigger locking system (2) of the weapon, configured to unlock the weapon if the user is correctly identified, or to block the trigger (2) if the user is not correctly identified, where the user identification device comprises a fingerprint reader (1) and the locking system is formed by a pin moved by a motor, configured so that the pin (3) is inserted through a through hole (4) made in the trigger (2) blocking its movement, the motor being powered by a battery.",,E,abstract,"Weapon with a security system, characterized in that it comprises an identification device for the user carrying the weapon, connected to a control module that controls a trigger locking system (2) of the weapon, configured to unlock the weapon if the user is correctly identified, or to block the trigger (2) if the user is not correctly identified, where the user identification device comprises a fingerprint reader (1) and the locking system is formed by a pin moved by a motor, configured so that the pin (3) is inserted through a through hole (4) made in the trigger (2) blocking its movement, the motor being powered by a battery.",,A,,,,A,,,,A,,,,A,,,,A,,,,E,abstract,"Weapon with a security system, characterized in that it comprises an identification device for the user carrying the weapon, connected to a control module that controls a trigger locking system (2) of the weapon, configured to unlock the weapon if the user is correctly identified, or to block the trigger (2) if the user is not correctly identified, where the user identification device comprises a fingerprint reader (1) and the locking system is formed by a pin moved by a motor, configured so that the pin (3) is inserted through a through hole (4) made in the trigger (2) blocking its movement, the motor being powered by a battery.",,A,,,,A,,,,2 established; 2 explicit,False,100,0,52.0,52.0,M,1,2,14,[],{},{},10.0,12.0,16.0,0.0,0.0,0.0,0.0,0.0,14.0,0.0,0.0,0.0,domain=10.0; F2=12.0; F3=16.0; F2_to_F3=14.0,Supported biometric trigger control; flat score plateau,A fingerprint reader identifies the user and a pin blocks trigger movement when identification fails. No specific inflation established from this excerpt; within score-52 ID tie.,False,[],True,Record ID lexical; all earlier tie fields equal,True,True
BC001-6197DE78098F,Biological fingerprint identification unlocking gun trigger,"The utility model discloses a trigger for unlocking a gun through biological fingerprint identification. The gun trigger comprises a gun trigger shell, a gun trigger shell cover and a machine shell. Acontrol panel is mounted at the top in the gun trigger shell through screws; a fingerprint identification module is mounted at the top of the control panel through a limiting groove; a fingerprint setting key is mounted on one side of the bottom end of the control panel through a screw; a machine shell is arranged at the bottom end of the control panel. A motor is installed in the machine shell through an installation base. An output shaft of the motor is provided with a rotating wheel through a fixing piece; an oval limiting plate is installed at the bottom of the machine shell through bolts, a slidable L-shaped rack spring bolt is arranged in the oval limiting plate, a gun trigger shell cover is installed at the bottom of the gun trigger shell through bolts, and a reset spring is connected to the top of the gun trigger shell cover through a limiting clamping groove. The biological fingerprint recognition unlocking gun trigger is simple in structure, convenient to produce, high in unlocking efficiency, high in practicability and suitable for wide application and popularization.",firearm,title,Biological fingerprint identification unlocking gun trigger,E,title,Biological fingerprint identification unlocking gun trigger,,E,abstract,The utility model discloses a trigger for unlocking a gun through biological fingerprint identification.,,A,,,,A,,,,A,,,,A,,,,A,,,,E,abstract,The utility model discloses a trigger for unlocking a gun through biological fingerprint identification.,,A,,,,A,,,,2 established; 2 explicit,False,100,0,52.0,52.0,M,1,2,15,[],{},{},10.0,12.0,16.0,0.0,0.0,0.0,0.0,0.0,14.0,0.0,0.0,0.0,domain=10.0; F2=12.0; F3=16.0; F2_to_F3=14.0,Full causal credit from translated opening; near-identical content,"Opening sentence describes fingerprint unlocking, followed by mechanical construction closely paralleling rank 13. Within score-52 ID tie; no inferred family equivalence.",True,"[{""other_rank"": 13, ""other_record_id"": ""BC001-3DD58E31397D"", ""kind"": ""near-identical title/abstract (manual review supports shared mechanism/wording)"", ""character_similarity"": 0.844104}]",True,Record ID lexical; all earlier tie fields equal,True,True
BC001-7A2C56F84041,Fingerprint recognition safety systems,"A universal fingerprint recognition system for firearms that greatly reduces misuse and accidental discharge of a firearm. The fingerprint recognition assembly is completely embedded within the firearm to prevent tampering. A chip embedded in the trigger scans the firearm owner's fingerprint, and when recognized releases a safety pin, allowing the trigger to be pulled. A charging port embedded in the firearm's grip allows a USB-type connector to be attached and charge the battery chip in the CPU.",firearm,abstract,A universal fingerprint recognition system for firearms that greatly reduces misuse and accidental discharge of a firearm.,E,title,Fingerprint recognition safety systems,,E,abstract,"A chip embedded in the trigger scans the firearm owner's fingerprint, and when recognized releases a safety pin, allowing the trigger to be pulled.",,A,,,,A,,,,A,,,,A,,,,A,,,,E,abstract,"A chip embedded in the trigger scans the firearm owner's fingerprint, and when recognized releases a safety pin, allowing the trigger to be pulled.",,A,,,,A,,,,2 established; 2 explicit,False,100,0,52.0,52.0,M,1,2,16,[],{},{},10.0,12.0,16.0,0.0,0.0,0.0,0.0,0.0,14.0,0.0,0.0,0.0,domain=10.0; F2=12.0; F3=16.0; F2_to_F3=14.0,Supported biometric trigger control; flat score plateau,Recognizing the firearm owner fingerprint releases a safety pin to permit trigger pull. No specific inflation established; within score-52 ID tie.,False,[],True,Record ID lexical; all earlier tie fields equal,True,True
BC001-A01F02870DCB,Multi-mode recognition intelligent gun cabinet,"The utility model discloses a multi-mode recognition intelligent gun cabinet which comprises a gun cabinet body, the top of the gun cabinet body is connected with a fixing box through bolts, the top of the fixing box is connected with an alarm through bolts, and the top of the alarm is connected with an alarm lamp through bolts. The bottom of an inner cavity of the fixing box is connected with a fire extinguishing mechanism through bolts, and the right side of the bottom of the inner cavity of the fixing box is connected with a processor through bolts. Through cooperative use of the box door, the face recognition cabinet lock, the mechanical lock, the fingerprint coded lock, the intelligent coded cabinet lock, the alarm lamp, the alarm, the fixed box, the cabinet base body, the vibration sensor, the smoke sensor, the annular pipe, the dry powder extinguisher bottle, the electromagnetic valve, the nozzle, the connecting air pipe, the processor and the metal cabinet shell, the multi-mode recognition function is achieved; and the cabinet door can be opened in different unlocking modes, the automatic fire extinguishing function is achieved, and fire extinguishing can be conducted on the periphery of the gun cabinet in time.",firearm,title,Multi-mode recognition intelligent gun cabinet,E,abstract,"Through cooperative use of the box door, the face recognition cabinet lock, the mechanical lock, the fingerprint coded lock, the intelligent coded cabinet lock, the alarm lamp, the alarm, the fixed box, the cabinet base body, the vibration sensor, the smoke sensor, the annular pipe, the dry powder extinguisher bottle, the electromagnetic valve, the nozzle, the connecting air pipe, the processor and the metal cabinet shell, the multi-mode recognition function is achieved; and the cabinet door can be opened in different unlocking modes, the automatic fire extinguishing function is achieved, and fire extinguishing can be conducted on the periphery of the gun cabinet in time.",,E,abstract,"Through cooperative use of the box door, the face recognition cabinet lock, the mechanical lock, the fingerprint coded lock, the intelligent coded cabinet lock, the alarm lamp, the alarm, the fixed box, the cabinet base body, the vibration sensor, the smoke sensor, the annular pipe, the dry powder extinguisher bottle, the electromagnetic valve, the nozzle, the connecting air pipe, the processor and the metal cabinet shell, the multi-mode recognition function is achieved; and the cabinet door can be opened in different unlocking modes, the automatic fire extinguishing function is achieved, and fire extinguishing can be conducted on the periphery of the gun cabinet in time.",,A,,,,A,,,,A,,,,A,,,,A,,,,E,abstract,"Through cooperative use of the box door, the face recognition cabinet lock, the mechanical lock, the fingerprint coded lock, the intelligent coded cabinet lock, the alarm lamp, the alarm, the fixed box, the cabinet base body, the vibration sensor, the smoke sensor, the annular pipe, the dry powder extinguisher bottle, the electromagnetic valve, the nozzle, the connecting air pipe, the processor and the metal cabinet shell, the multi-mode recognition function is achieved; and the cabinet door can be opened in different unlocking modes, the automatic fire extinguishing function is achieved, and fire extinguishing can be conducted on the periphery of the gun cabinet in time.",,A,,,,A,,,,2 established; 2 explicit,False,100,0,52.0,52.0,M,1,2,17,[],{},{},10.0,12.0,16.0,0.0,0.0,0.0,0.0,0.0,14.0,0.0,0.0,0.0,domain=10.0; F2=12.0; F3=16.0; F2_to_F3=14.0,Cabinet access and fire-extinguishing falsely treated as firing control,"Cabinet door authentication is conflated with firearm operability. The firing regex matches fire in fire extinguishing, disabling storage gating; a long list supplies biometric/auth/lock/causal terms. Domain=10, F3=16 and F2_to_F3=14; cap remains 100.",False,[],True,Record ID lexical; all earlier tie fields equal,True,True
BC001-C047EC90B27A,Firearm with fingerprint recognition and electronic-control percussion function,"The invention discloses a firearm with fingerprint recognition and electronic-control percussion functions. The firearm has the advantages that a fingerprint recognition device is arranged on the front surface of a trigger of the firearm, bullets can be percussed under electronic control of the firearm, fingerprints of a firearm holder are read by the fingerprint recognition device on the front surface of the trigger when the firearm holder pulls the trigger, a control circuit can be connected with an electronic-control coil if the firearm holder is authorized to use the firearm, accordingly, the bullets can be impacted by a firing pin of an armature and can be discharged under the electronic control of the firearm, and problems of unauthorized use of existing firearms and accidental discharge of the existing firearms can be solved.",firearm,title,Firearm with fingerprint recognition and electronic-control percussion function,E,title,Firearm with fingerprint recognition and electronic-control percussion function,,E,abstract,"The firearm has the advantages that a fingerprint recognition device is arranged on the front surface of a trigger of the firearm, bullets can be percussed under electronic control of the firearm, fingerprints of a firearm holder are read by the fingerprint recognition device on the front surface of the trigger when the firearm holder pulls the trigger, a control circuit can be connected with an electronic-control coil if the firearm holder is authorized to use the firearm, accordingly, the bullets can be impacted by a firing pin of an armature and can be discharged under the electronic control of the firearm, and problems of unauthorized use of existing firearms and accidental discharge of the existing firearms can be solved.",,A,,,,A,,,,A,,,,A,,,,A,,,,E,abstract,"The firearm has the advantages that a fingerprint recognition device is arranged on the front surface of a trigger of the firearm, bullets can be percussed under electronic control of the firearm, fingerprints of a firearm holder are read by the fingerprint recognition device on the front surface of the trigger when the firearm holder pulls the trigger, a control circuit can be connected with an electronic-control coil if the firearm holder is authorized to use the firearm, accordingly, the bullets can be impacted by a firing pin of an armature and can be discharged under the electronic control of the firearm, and problems of unauthorized use of existing firearms and accidental discharge of the existing firearms can be solved.",,A,,,,A,,,,2 established; 2 explicit,False,100,0,52.0,52.0,M,1,2,18,[],{},{},10.0,12.0,16.0,0.0,0.0,0.0,0.0,0.0,14.0,0.0,0.0,0.0,domain=10.0; F2=12.0; F3=16.0; F2_to_F3=14.0,Supported biometric trigger control; flat score plateau,Authorized fingerprint recognition connects the control circuit and permits firing-pin discharge. No specific inflation established; within score-52 ID tie.,False,[],True,Record ID lexical; all earlier tie fields equal,True,True
BC001-DA1021F1705A,Gun trigger locking fingerprint lock and control method,"The invention belongs to the technical field of firearm safety devices, in particular to a gun trigger locking fingerprint lock and a control method thereof, the fingerprint lock comprises an upper lock body, a lower lock body, a fingerprint identification module, a motor driving mechanism, a locking mechanism, a mechanical key unlocking mechanism and a control circuit, wherein the upper lock body and the lower lock body can be separated from each other. The invention ensures physical safety through the mechanical engagement structure of the ratchet wheel-lock cylinder, ensures the reliability of action through the transmission mode of the cam-push rod, combines the control logic of the delayed automatic reset, realizes the intelligent control of the one-touch instant opening and the automatic reset, simultaneously reserves an extremely simple mechanical emergency unlocking means and perfectly balances convenience and safety.",firearm,title,Gun trigger locking fingerprint lock and control method,E,abstract,"The invention belongs to the technical field of firearm safety devices, in particular to a gun trigger locking fingerprint lock and a control method thereof, the fingerprint lock comprises an upper lock body, a lower lock body, a fingerprint identification module, a motor driving mechanism, a locking mechanism, a mechanical key unlocking mechanism and a control circuit, wherein the upper lock body and the lower lock body can be separated from each other.",,E,abstract,"The invention belongs to the technical field of firearm safety devices, in particular to a gun trigger locking fingerprint lock and a control method thereof, the fingerprint lock comprises an upper lock body, a lower lock body, a fingerprint identification module, a motor driving mechanism, a locking mechanism, a mechanical key unlocking mechanism and a control circuit, wherein the upper lock body and the lower lock body can be separated from each other.",,A,,,,A,,,,A,,,,A,,,,A,,,,E,abstract,"The invention belongs to the technical field of firearm safety devices, in particular to a gun trigger locking fingerprint lock and a control method thereof, the fingerprint lock comprises an upper lock body, a lower lock body, a fingerprint identification module, a motor driving mechanism, a locking mechanism, a mechanical key unlocking mechanism and a control circuit, wherein the upper lock body and the lower lock body can be separated from each other.",,A,,,,A,,,,2 established; 2 explicit,False,100,0,52.0,52.0,M,1,2,19,[],{},{},10.0,12.0,16.0,0.0,0.0,0.0,0.0,0.0,14.0,0.0,0.0,0.0,domain=10.0; F2=12.0; F3=16.0; F2_to_F3=14.0,Component-list co-occurrence given explicit causal credit,"The selected excerpt lists fingerprint identification, locking, control method and a trigger-lock title. Full F2_to_F3 credit is stronger than the explicit causal explanation in that excerpt; control itself satisfies the causal keyword pattern. Within score-52 ID tie.",False,[],True,Record ID lexical; all earlier tie fields equal,True,True
BC001-2CA9E9E96AE1,Biometric trigger lock,"A biometric trigger lock to be removably installed on a pistol, the biometric trigger lock including a first body, including a biometric sensor disposed on a surface of the first body, and a latching mechanism disposed within the first body and electrically connected to the biometric sensor to move from a latched position to an unlatched position in response to a finger of an authorized user touching the biometric sensor, and a second body, including a pin extending from a side portion of the second body and including a latching tip to detachably connect to the latching mechanism.",attached_firing_control,title,Biometric trigger lock,E,abstract,"A biometric trigger lock to be removably installed on a pistol, the biometric trigger lock including a first body, including a biometric sensor disposed on a surface of the first body, and a latching mechanism disposed within the first body and electrically connected to the biometric sensor to move from a latched position to an unlatched position in response to a finger of an authorized user touching the biometric sensor, and a second body, including a pin extending from a side portion of the second body and including a latching tip to detachably connect to the latching mechanism.",,E,abstract,"A biometric trigger lock to be removably installed on a pistol, the biometric trigger lock including a first body, including a biometric sensor disposed on a surface of the first body, and a latching mechanism disposed within the first body and electrically connected to the biometric sensor to move from a latched position to an unlatched position in response to a finger of an authorized user touching the biometric sensor, and a second body, including a pin extending from a side portion of the second body and including a latching tip to detachably connect to the latching mechanism.",,A,,,,A,,,,A,,,,A,,,,A,,,,E,abstract,"A biometric trigger lock to be removably installed on a pistol, the biometric trigger lock including a first body, including a biometric sensor disposed on a surface of the first body, and a latching mechanism disposed within the first body and electrically connected to the biometric sensor to move from a latched position to an unlatched position in response to a finger of an authorized user touching the biometric sensor, and a second body, including a pin extending from a side portion of the second body and including a latching tip to detachably connect to the latching mechanism.",,A,,,,A,,,,2 established; 2 explicit,False,100,0,50.0,50.0,M,1,2,20,[],{},{},8.0,12.0,16.0,0.0,0.0,0.0,0.0,0.0,14.0,0.0,0.0,0.0,domain=8.0; F2=12.0; F3=16.0; F2_to_F3=14.0,Direct attached trigger lock with supported authorization response,A sensor moves the latch in response to an authorized user touching it. Domain attachment credit of 8 is differentiated from 10-point integrated firearm records; no specific inflation established.,False,[],False,Frozen tie fields retained; no reranking,True,True
